,Address,Latitude,Longitude,Flood Description,Flood Zone
0,"2643 HELENA ST, Houston, Texas 77006",29.74901,-95.38098,AREA OF MINIMAL FLOOD HAZARD,X
1,"2645 HELENA ST, Houston, Texas 77006",29.74896,-95.38093,AREA OF MINIMAL FLOOD HAZARD,X
2,"2647 HELENA ST, Houston, Texas 77006",29.74886,-95.38099,AREA OF MINIMAL FLOOD HAZARD,X
3,"2649 HELENA ST, Houston, Texas 77006",29.7489,-95.38108,AREA OF MINIMAL FLOOD HAZARD,X
4,"2651 HELENA ST, Houston, Texas 77006",29.74895,-95.38116,AREA OF MINIMAL FLOOD HAZARD,X
5,"2700 MASON ST, Houston, Texas 77006",29.74626,-95.385,AREA OF MINIMAL FLOOD HAZARD,X
6,"2700 RIDGEWOOD ST, Houston, Texas 77006",29.74351,-95.39883,AREA OF MINIMAL FLOOD HAZARD,X
7,"2701 YUPON ST, Houston, Texas 77006",29.74413,-95.3961,AREA OF MINIMAL FLOOD HAZARD,X
8,"2702 RIDGEWOOD ST, Houston, Texas 77006",29.74343,-95.39877,AREA OF MINIMAL FLOOD HAZARD,X
9,"2704 BALDWIN ST, Houston, Texas 77006",29.74829,-95.38099,AREA OF MINIMAL FLOOD HAZARD,X
10,"2704 RIDGEWOOD ST, Houston, Texas 77006",29.74336,-95.39873,AREA OF MINIMAL FLOOD HAZARD,X
11,"2705 YUPON ST, Houston, Texas 77006",29.744,-95.39602,AREA OF MINIMAL FLOOD HAZARD,X
12,"2706 RIDGEWOOD ST, Houston, Texas 77006",29.74325,-95.39866,AREA OF MINIMAL FLOOD HAZARD,X
13,"2708 RIDGEWOOD ST, Houston, Texas 77006",29.74318,-95.39862,AREA OF MINIMAL FLOOD HAZARD,X
14,"2709 YUPON ST, Houston, Texas 77006",29.74388,-95.39595,AREA OF MINIMAL FLOOD HAZARD,X
15,"2710 LOUISIANA ST, Houston, Texas 77006",29.74602,-95.37772,AREA OF MINIMAL FLOOD HAZARD,X
16,"2710 RIDGEWOOD ST, Houston, Texas 77006",29.7431,-95.39856,AREA OF MINIMAL FLOOD HAZARD,X
17,"2711 BALDWIN ST, Houston, Texas 77006",29.74787,-95.3807,AREA OF MINIMAL FLOOD HAZARD,X
18,"2711 TAFT ST, Houston, Texas 77006",29.746,-95.38578,AREA OF MINIMAL FLOOD HAZARD,X
19,"2711 YUPON ST, Houston, Texas 77006",29.74376,-95.39587,AREA OF MINIMAL FLOOD HAZARD,X
20,"2714 BOSTON ST, Houston, Texas 77006",29.74963,-95.38363,AREA OF MINIMAL FLOOD HAZARD,X
21,"2715 BALDWIN ST, Houston, Texas 77006",29.74779,-95.38066,AREA OF MINIMAL FLOOD HAZARD,X
22,"2715 MASON ST, Houston, Texas 77006",29.74587,-95.38465,AREA OF MINIMAL FLOOD HAZARD,X
23,"2716 BAGBY ST, Houston, Texas 77006",29.74747,-95.3803,AREA OF MINIMAL FLOOD HAZARD,X
24,"2716 BOSTON ST, Houston, Texas 77006",29.74958,-95.38367,AREA OF MINIMAL FLOOD HAZARD,X
25,"2717 BALDWIN ST, Houston, Texas 77006",29.74775,-95.38085,AREA OF MINIMAL FLOOD HAZARD,X
26,"2717 MASON ST, Houston, Texas 77006",29.74576,-95.38465,AREA OF MINIMAL FLOOD HAZARD,X
27,"2718 BAGBY ST, Houston, Texas 77006",29.74741,-95.38034,AREA OF MINIMAL FLOOD HAZARD,X
28,"2718 BOSTON ST, Houston, Texas 77006",29.74952,-95.38372,AREA OF MINIMAL FLOOD HAZARD,X
29,"2719 MASON ST, Houston, Texas 77006",29.74564,-95.38465,AREA OF MINIMAL FLOOD HAZARD,X
30,"2720 BOSTON ST, Houston, Texas 77006",29.74946,-95.38376,AREA OF MINIMAL FLOOD HAZARD,X
31,"2802 ALBANY ST, Houston, Texas 77006",29.74875,-95.38309,AREA OF MINIMAL FLOOD HAZARD,X
32,"2802 BOSTON ST, Houston, Texas 77006",29.74924,-95.38385,AREA OF MINIMAL FLOOD HAZARD,X
33,"2803 ALBANY ST, Houston, Texas 77006",29.74856,-95.38272,AREA OF MINIMAL FLOOD HAZARD,X
34,"2804 BALDWIN ST A, Houston, Texas 77006",29.74777,-95.38142,AREA OF MINIMAL FLOOD HAZARD,X
35,"2804 BALDWIN ST B, Houston, Texas 77006",29.74777,-95.38142,AREA OF MINIMAL FLOOD HAZARD,X
36,"2804 BALDWIN ST C, Houston, Texas 77006",29.74777,-95.38142,AREA OF MINIMAL FLOOD HAZARD,X
37,"2805 MASON ST, Houston, Texas 77006",29.74517,-95.38457,AREA OF MINIMAL FLOOD HAZARD,X
38,"2807 ALBANY ST, Houston, Texas 77006",29.74849,-95.38278,AREA OF MINIMAL FLOOD HAZARD,X
39,"2807 MASON ST, Houston, Texas 77006",29.74511,-95.38456,AREA OF MINIMAL FLOOD HAZARD,X
40,"2809 MASON ST, Houston, Texas 77006",29.74506,-95.38457,AREA OF MINIMAL FLOOD HAZARD,X
41,"2810 HELENA ST, Houston, Texas 77006",29.74814,-95.38228,AREA OF MINIMAL FLOOD HAZARD,X
42,"2811 ALBANY ST, Houston, Texas 77006",29.74841,-95.38283,AREA OF MINIMAL FLOOD HAZARD,X
43,"2814 HELENA ST, Houston, Texas 77006",29.74808,-95.38234,AREA OF MINIMAL FLOOD HAZARD,X
44,"2815 ALBANY ST, Houston, Texas 77006",29.74834,-95.38289,AREA OF MINIMAL FLOOD HAZARD,X
45,"2818 HELENA ST, Houston, Texas 77006",29.748,-95.38239,AREA OF MINIMAL FLOOD HAZARD,X
46,"2819 ALBANY ST, Houston, Texas 77006",29.74827,-95.38295,AREA OF MINIMAL FLOOD HAZARD,X
47,"2822 HELENA ST, Houston, Texas 77006",29.74823,-95.38241,AREA OF MINIMAL FLOOD HAZARD,X
48,"2823 ALBANY ST, Houston, Texas 77006",29.74819,-95.38301,AREA OF MINIMAL FLOOD HAZARD,X
49,"2826 HELENA ST, Houston, Texas 77006",29.74815,-95.38247,AREA OF MINIMAL FLOOD HAZARD,X
50,"2830 HELENA ST, Houston, Texas 77006",29.7481,-95.38254,AREA OF MINIMAL FLOOD HAZARD,X
51,"2908 ALBANY ST, Houston, Texas 77006",29.74811,-95.38356,AREA OF MINIMAL FLOOD HAZARD,X
52,"2909 ALBANY ST, Houston, Texas 77006",29.74759,-95.38348,AREA OF MINIMAL FLOOD HAZARD,X
53,"2909 BALDWIN ST, Houston, Texas 77006",29.74642,-95.38151,AREA OF MINIMAL FLOOD HAZARD,X
54,"2910 ALBANY ST, Houston, Texas 77006",29.748,-95.38365,AREA OF MINIMAL FLOOD HAZARD,X
55,"2911 ALBANY ST, Houston, Texas 77006",29.74752,-95.38353,AREA OF MINIMAL FLOOD HAZARD,X
56,"2911 HELENA ST, Houston, Texas 77006",29.74716,-95.38258,AREA OF MINIMAL FLOOD HAZARD,X
57,"2912 ALBANY ST, Houston, Texas 77006",29.74788,-95.38374,AREA OF MINIMAL FLOOD HAZARD,X
58,"2912 HELENA ST, Houston, Texas 77006",29.74741,-95.38295,AREA OF MINIMAL FLOOD HAZARD,X
59,"2913 ALBANY ST, Houston, Texas 77006",29.74744,-95.38359,AREA OF MINIMAL FLOOD HAZARD,X
60,"2915 HELENA ST, Houston, Texas 77006",29.74708,-95.38256,AREA OF MINIMAL FLOOD HAZARD,X
61,"2916 ALBANY ST, Houston, Texas 77006",29.74776,-95.38381,AREA OF MINIMAL FLOOD HAZARD,X
62,"2917 HELENA ST, Houston, Texas 77006",29.74704,-95.38262,AREA OF MINIMAL FLOOD HAZARD,X
63,"2919 HELENA ST, Houston, Texas 77006",29.74701,-95.38268,AREA OF MINIMAL FLOOD HAZARD,X
64,"2921 HELENA ST, Houston, Texas 77006",29.74698,-95.38273,AREA OF MINIMAL FLOOD HAZARD,X
65,"2923 HELENA ST, Houston, Texas 77006",29.74691,-95.38278,AREA OF MINIMAL FLOOD HAZARD,X
66,"2924 HELENA ST 1, Houston, Texas 77006",29.74689,-95.38324,AREA OF MINIMAL FLOOD HAZARD,X
67,"2932 WROXTON RD, Houston, Texas 77005",29.72482,-95.42463,0.2 PCT ANNUAL CHANCE FLOOD HAZARD,X
68,"3 COURTLANDT PL, Houston, Texas 77006",29.74316,-95.3823,AREA OF MINIMAL FLOOD HAZARD,X
69,"30 OAKDALE ST, Houston, Texas 77006",29.72838,-95.38925,AREA OF MINIMAL FLOOD HAZARD,X
70,"300 DREW ST, Houston, Texas 77006",29.74757,-95.38098,AREA OF MINIMAL FLOOD HAZARD,X
71,"3002 BALDWIN ST, Houston, Texas 77006",29.74628,-95.38181,AREA OF MINIMAL FLOOD HAZARD,X
72,"3004 BAGBY ST, Houston, Texas 77006",29.74587,-95.38152,AREA OF MINIMAL FLOOD HAZARD,X
73,"3006 BALDWIN ST, Houston, Texas 77006",29.74629,-95.38187,AREA OF MINIMAL FLOOD HAZARD,X
74,"3007 BRAZOS ST, Houston, Texas 77006",29.74496,-95.38041,AREA OF MINIMAL FLOOD HAZARD,X
75,"301 DREW ST, Houston, Texas 77006",29.74771,-95.38076,AREA OF MINIMAL FLOOD HAZARD,X
76,"301 MCGOWEN ST, Houston, Texas 77006",29.74913,-95.37977,AREA OF MINIMAL FLOOD HAZARD,X
77,"301 W DREW ST, Houston, Texas 77006",29.74944,-95.38589,AREA OF MINIMAL FLOOD HAZARD,X
78,"301 WELCH ST, Houston, Texas 77006",29.75009,-95.38592,AREA OF MINIMAL FLOOD HAZARD,X
79,"3010 BALDWIN ST, Houston, Texas 77006",29.74629,-95.38194,AREA OF MINIMAL FLOOD HAZARD,X
80,"3010 BRAZOS ST, Houston, Texas 77006",29.74513,-95.38091,AREA OF MINIMAL FLOOD HAZARD,X
81,"3010 HELENA ST, Houston, Texas 77006",29.74594,-95.38323,AREA OF MINIMAL FLOOD HAZARD,X
82,"3012 BRAZOS ST, Houston, Texas 77006",29.74508,-95.38095,AREA OF MINIMAL FLOOD HAZARD,X
83,"3012 HELENA ST, Houston, Texas 77006",29.74588,-95.38325,AREA OF MINIMAL FLOOD HAZARD,X
84,"3014 BALDWIN ST, Houston, Texas 77006",29.74612,-95.38191,AREA OF MINIMAL FLOOD HAZARD,X
85,"3014 BRAZOS ST, Houston, Texas 77006",29.74503,-95.38099,AREA OF MINIMAL FLOOD HAZARD,X
86,"3018 BALDWIN ST, Houston, Texas 77006",29.74612,-95.38184,AREA OF MINIMAL FLOOD HAZARD,X
87,"302 AVONDALE ST A, Houston, Texas 77006",29.74519,-95.38511,AREA OF MINIMAL FLOOD HAZARD,X
88,"302 AVONDALE ST B, Houston, Texas 77006",29.74519,-95.38511,AREA OF MINIMAL FLOOD HAZARD,X
89,"302 AVONDALE ST C, Houston, Texas 77006",29.74519,-95.38511,AREA OF MINIMAL FLOOD HAZARD,X
90,"302 AVONDALE ST D, Houston, Texas 77006",29.74519,-95.38511,AREA OF MINIMAL FLOOD HAZARD,X
91,"302 AVONDALE ST E, Houston, Texas 77006",29.74519,-95.38511,AREA OF MINIMAL FLOOD HAZARD,X
92,"302 BREMOND ST, Houston, Texas 77006",29.74936,-95.37959,AREA OF MINIMAL FLOOD HAZARD,X
93,"302 DENNIS ST, Houston, Texas 77006",29.74802,-95.38061,AREA OF MINIMAL FLOOD HAZARD,X
94,"302 FARGO ST, Houston, Texas 77006",29.749,-95.38585,AREA OF MINIMAL FLOOD HAZARD,X
95,"302 W DREW ST, Houston, Texas 77006",29.74964,-95.38584,AREA OF MINIMAL FLOOD HAZARD,X
96,"3022 BALDWIN ST, Houston, Texas 77006",29.74612,-95.38178,AREA OF MINIMAL FLOOD HAZARD,X
97,"303 DREW ST, Houston, Texas 77006",29.74765,-95.38067,AREA OF MINIMAL FLOOD HAZARD,X
98,"303 FARGO ST, Houston, Texas 77006",29.74875,-95.3859,AREA OF MINIMAL FLOOD HAZARD,X
99,"303 HAWTHORNE ST, Houston, Texas 77006",29.74222,-95.3832,AREA OF MINIMAL FLOOD HAZARD,X
100,"303 MCGOWEN ST, Houston, Texas 77006",29.74909,-95.3797,AREA OF MINIMAL FLOOD HAZARD,X
101,"303 PEDEN ST, Houston, Texas 77006",29.75248,-95.38591,AREA OF MINIMAL FLOOD HAZARD,X
102,"303 WELCH ST, Houston, Texas 77006",29.75002,-95.38604,AREA OF MINIMAL FLOOD HAZARD,X
103,"304 AVONDALE ST A, Houston, Texas 77006",29.7453,-95.38524,AREA OF MINIMAL FLOOD HAZARD,X
104,"304 AVONDALE ST B, Houston, Texas 77006",29.7453,-95.38524,AREA OF MINIMAL FLOOD HAZARD,X
105,"304 AVONDALE ST C, Houston, Texas 77006",29.7453,-95.38524,AREA OF MINIMAL FLOOD HAZARD,X
106,"304 AVONDALE ST D, Houston, Texas 77006",29.7453,-95.38524,AREA OF MINIMAL FLOOD HAZARD,X
107,"304 BOMAR ST, Houston, Texas 77006",29.75171,-95.38603,AREA OF MINIMAL FLOOD HAZARD,X
108,"304 BREMOND ST, Houston, Texas 77006",29.74931,-95.37953,AREA OF MINIMAL FLOOD HAZARD,X
109,"304 HAWTHORNE ST, Houston, Texas 77006",29.74271,-95.38305,AREA OF MINIMAL FLOOD HAZARD,X
110,"305 DREW ST, Houston, Texas 77006",29.74768,-95.38052,AREA OF MINIMAL FLOOD HAZARD,X
111,"305 FARGO ST, Houston, Texas 77006",29.74875,-95.38606,AREA OF MINIMAL FLOOD HAZARD,X
112,"305 MCGOWEN ST, Houston, Texas 77006",29.74905,-95.37964,AREA OF MINIMAL FLOOD HAZARD,X
113,"305 PEDEN ST, Houston, Texas 77006",29.7524,-95.38604,AREA OF MINIMAL FLOOD HAZARD,X
114,"305 W DREW ST, Houston, Texas 77006",29.7494,-95.38597,AREA OF MINIMAL FLOOD HAZARD,X
115,"306 BOMAR ST, Houston, Texas 77006",29.75172,-95.38624,AREA OF MINIMAL FLOOD HAZARD,X
116,"306 BREMOND ST, Houston, Texas 77006",29.74928,-95.37947,AREA OF MINIMAL FLOOD HAZARD,X
117,"306 DREW ST, Houston, Texas 77006",29.74738,-95.38092,AREA OF MINIMAL FLOOD HAZARD,X
118,"306 FARGO ST, Houston, Texas 77006",29.749,-95.38596,AREA OF MINIMAL FLOOD HAZARD,X
119,"306 W DREW ST, Houston, Texas 77006",29.74966,-95.38604,AREA OF MINIMAL FLOOD HAZARD,X
120,"306 WILLARD ST, Houston, Texas 77006",29.75111,-95.38623,AREA OF MINIMAL FLOOD HAZARD,X
121,"307 BOMAR ST, Houston, Texas 77006",29.75137,-95.38622,AREA OF MINIMAL FLOOD HAZARD,X
122,"307 DREW ST, Houston, Texas 77006",29.74759,-95.38057,AREA OF MINIMAL FLOOD HAZARD,X
123,"307 FARGO ST, Houston, Texas 77006",29.74874,-95.38622,AREA OF MINIMAL FLOOD HAZARD,X
124,"307 MCGOWEN ST, Houston, Texas 77006",29.74902,-95.37958,AREA OF MINIMAL FLOOD HAZARD,X
125,"307 PEDEN ST, Houston, Texas 77006",29.7524,-95.38607,AREA OF MINIMAL FLOOD HAZARD,X
126,"307 WELCH ST, Houston, Texas 77006",29.75002,-95.3862,AREA OF MINIMAL FLOOD HAZARD,X
127,"307 WILLARD ST, Houston, Texas 77006",29.7507,-95.38621,AREA OF MINIMAL FLOOD HAZARD,X
128,"308 BOMAR ST, Houston, Texas 77006",29.75183,-95.38624,AREA OF MINIMAL FLOOD HAZARD,X
129,"308 BREMOND ST, Houston, Texas 77006",29.74924,-95.3794,AREA OF MINIMAL FLOOD HAZARD,X
130,"308 DENNIS ST, Houston, Texas 77006",29.74783,-95.38035,AREA OF MINIMAL FLOOD HAZARD,X
131,"308 HYDE PARK BLVD, Houston, Texas 77006",29.74772,-95.38598,AREA OF MINIMAL FLOOD HAZARD,X
132,"308 W DREW ST, Houston, Texas 77006",29.74968,-95.38621,AREA OF MINIMAL FLOOD HAZARD,X
133,"308 WELCH ST, Houston, Texas 77006",29.75043,-95.38621,AREA OF MINIMAL FLOOD HAZARD,X
134,"308 WILLARD ST, Houston, Texas 77006",29.75105,-95.38639,AREA OF MINIMAL FLOOD HAZARD,X
135,"309 DREW ST, Houston, Texas 77006",29.74751,-95.38045,AREA OF MINIMAL FLOOD HAZARD,X
136,"309 MCGOWEN ST, Houston, Texas 77006",29.749,-95.37955,AREA OF MINIMAL FLOOD HAZARD,X
137,"309 PEDEN ST, Houston, Texas 77006",29.75239,-95.38619,AREA OF MINIMAL FLOOD HAZARD,X
138,"309 W DREW ST, Houston, Texas 77006",29.7494,-95.38606,AREA OF MINIMAL FLOOD HAZARD,X
139,"310 BOMAR ST, Houston, Texas 77006",29.75192,-95.38624,AREA OF MINIMAL FLOOD HAZARD,X
140,"310 BREMOND ST, Houston, Texas 77006",29.7492,-95.37935,AREA OF MINIMAL FLOOD HAZARD,X
141,"310 DENNIS ST, Houston, Texas 77006",29.74793,-95.38031,AREA OF MINIMAL FLOOD HAZARD,X
142,"310 DREW ST, Houston, Texas 77006",29.7473,-95.38079,AREA OF MINIMAL FLOOD HAZARD,X
143,"310 FARGO ST, Houston, Texas 77006",29.749,-95.38605,AREA OF MINIMAL FLOOD HAZARD,X
144,"310 HYDE PARK BLVD, Houston, Texas 77006",29.74772,-95.38606,AREA OF MINIMAL FLOOD HAZARD,X
145,"310 WELCH ST, Houston, Texas 77006",29.75037,-95.38632,AREA OF MINIMAL FLOOD HAZARD,X
146,"3104 BAGBY ST, Houston, Texas 77006",29.74517,-95.38198,AREA OF MINIMAL FLOOD HAZARD,X
147,"3104 BAGBY ST B, Houston, Texas 77006",29.74517,-95.38198,AREA OF MINIMAL FLOOD HAZARD,X
148,"3104 BAGBY ST C, Houston, Texas 77006",29.74517,-95.38198,AREA OF MINIMAL FLOOD HAZARD,X
149,"311 FAIRVIEW AVE, Houston, Texas 77006",29.74807,-95.38621,AREA OF MINIMAL FLOOD HAZARD,X
150,"311 MCGOWEN ST, Houston, Texas 77006",29.74896,-95.37948,AREA OF MINIMAL FLOOD HAZARD,X
151,"311 PEDEN ST, Houston, Texas 77006",29.7524,-95.38622,AREA OF MINIMAL FLOOD HAZARD,X
152,"312 BOMAR ST, Houston, Texas 77006",29.75203,-95.38624,AREA OF MINIMAL FLOOD HAZARD,X
153,"312 BREMOND ST, Houston, Texas 77006",29.74917,-95.37928,AREA OF MINIMAL FLOOD HAZARD,X
154,"312 PEDEN ST, Houston, Texas 77006",29.75284,-95.38622,AREA OF MINIMAL FLOOD HAZARD,X
155,"312 WELCH ST, Houston, Texas 77006",29.75037,-95.3864,AREA OF MINIMAL FLOOD HAZARD,X
156,"314 BOMAR ST, Houston, Texas 77006",29.75216,-95.38631,AREA OF MINIMAL FLOOD HAZARD,X
157,"314 FARGO ST, Houston, Texas 77006",29.749,-95.38616,AREA OF MINIMAL FLOOD HAZARD,X
158,"314 PEDEN ST, Houston, Texas 77006",29.75284,-95.38638,AREA OF MINIMAL FLOOD HAZARD,X
159,"315 PEDEN ST, Houston, Texas 77006",29.7524,-95.38638,AREA OF MINIMAL FLOOD HAZARD,X
160,"315 W DREW ST, Houston, Texas 77006",29.7494,-95.38616,AREA OF MINIMAL FLOOD HAZARD,X
161,"315 WILLARD ST, Houston, Texas 77006",29.7507,-95.38637,AREA OF MINIMAL FLOOD HAZARD,X
162,"318 FARGO ST, Houston, Texas 77006",29.74899,-95.38625,AREA OF MINIMAL FLOOD HAZARD,X
163,"318 HAWTHORNE ST, Houston, Texas 77006",29.74266,-95.38372,AREA OF MINIMAL FLOOD HAZARD,X
164,"319 W DREW ST, Houston, Texas 77006",29.7494,-95.38626,AREA OF MINIMAL FLOOD HAZARD,X
165,"32 PINEDALE ST, Houston, Texas 77006",29.72919,-95.38955,AREA OF MINIMAL FLOOD HAZARD,X
166,"320 PEDEN ST, Houston, Texas 77006",29.75283,-95.38654,AREA OF MINIMAL FLOOD HAZARD,X
167,"322 FARGO ST, Houston, Texas 77006",29.74899,-95.38636,AREA OF MINIMAL FLOOD HAZARD,X
168,"322 PEDEN ST, Houston, Texas 77006",29.75286,-95.38658,AREA OF MINIMAL FLOOD HAZARD,X
169,"323 W DREW ST, Houston, Texas 77006",29.74939,-95.38637,AREA OF MINIMAL FLOOD HAZARD,X
170,"324 BOMAR ST, Houston, Texas 77006",29.7519,-95.38646,AREA OF MINIMAL FLOOD HAZARD,X
171,"324 HAWTHORNE ST, Houston, Texas 77006",29.7427,-95.38385,AREA OF MINIMAL FLOOD HAZARD,X
172,"326 BOMAR ST, Houston, Texas 77006",29.752,-95.38647,AREA OF MINIMAL FLOOD HAZARD,X
173,"328 BOMAR ST, Houston, Texas 77006",29.75214,-95.38643,AREA OF MINIMAL FLOOD HAZARD,X
174,"328 W ALABAMA ST, Houston, Texas 77006",29.73914,-95.38463,AREA OF MINIMAL FLOOD HAZARD,X
175,"330 BOMAR ST, Houston, Texas 77006",29.75216,-95.38651,AREA OF MINIMAL FLOOD HAZARD,X
176,"3300 TAFT ST, Houston, Texas 77006",29.74398,-95.3861,AREA OF MINIMAL FLOOD HAZARD,X
177,"3300 TAFT ST A, Houston, Texas 77006",29.74398,-95.3861,AREA OF MINIMAL FLOOD HAZARD,X
178,"3300 TAFT ST B, Houston, Texas 77006",29.74398,-95.3861,AREA OF MINIMAL FLOOD HAZARD,X
179,"3300 TAFT ST C, Houston, Texas 77006",29.74398,-95.3861,AREA OF MINIMAL FLOOD HAZARD,X
180,"3300 TAFT ST D, Houston, Texas 77006",29.74398,-95.3861,AREA OF MINIMAL FLOOD HAZARD,X
181,"3300 TAFT ST E, Houston, Texas 77006",29.74398,-95.3861,AREA OF MINIMAL FLOOD HAZARD,X
182,"3300 TAFT ST F, Houston, Texas 77006",29.74398,-95.3861,AREA OF MINIMAL FLOOD HAZARD,X
183,"3304 YUPON ST, Houston, Texas 77006",29.74301,-95.39603,AREA OF MINIMAL FLOOD HAZARD,X
184,"3306 YUPON ST, Houston, Texas 77006",29.74288,-95.39603,AREA OF MINIMAL FLOOD HAZARD,X
185,"3310 YUPON ST, Houston, Texas 77006",29.74258,-95.39602,AREA OF MINIMAL FLOOD HAZARD,X
186,"332 BOMAR ST, Houston, Texas 77006",29.75215,-95.38658,AREA OF MINIMAL FLOOD HAZARD,X
187,"332 W ALABAMA ST, Houston, Texas 77006",29.73925,-95.38463,AREA OF MINIMAL FLOOD HAZARD,X
188,"3330 GRAUSTARK ST, Houston, Texas 77006",29.74274,-95.39497,AREA OF MINIMAL FLOOD HAZARD,X
189,"3330 WHITNEY ST, Houston, Texas 77006",29.74278,-95.38738,AREA OF MINIMAL FLOOD HAZARD,X
190,"3332 GRAUSTARK ST, Houston, Texas 77006",29.74261,-95.39497,AREA OF MINIMAL FLOOD HAZARD,X
191,"3332 WHITNEY ST, Houston, Texas 77006",29.74271,-95.38738,AREA OF MINIMAL FLOOD HAZARD,X
192,"3334 WHITNEY ST, Houston, Texas 77006",29.74264,-95.38738,AREA OF MINIMAL FLOOD HAZARD,X
193,"3336 WHITNEY ST, Houston, Texas 77006",29.74257,-95.38738,AREA OF MINIMAL FLOOD HAZARD,X
194,"334 BOMAR ST, Houston, Texas 77006",29.75215,-95.38664,AREA OF MINIMAL FLOOD HAZARD,X
195,"336 BOMAR ST, Houston, Texas 77006",29.752,-95.38662,AREA OF MINIMAL FLOOD HAZARD,X
196,"338 BOMAR ST, Houston, Texas 77006",29.75189,-95.38662,AREA OF MINIMAL FLOOD HAZARD,X
197,"340 BOMAR ST, Houston, Texas 77006",29.75173,-95.38649,AREA OF MINIMAL FLOOD HAZARD,X
198,"3401 AUDUBON PL, Houston, Texas 77006",29.74222,-95.38632,AREA OF MINIMAL FLOOD HAZARD,X
199,"3401 GRAUSTARK ST, Houston, Texas 77006",29.74218,-95.39459,AREA OF MINIMAL FLOOD HAZARD,X
200,"3401 ROSELAND ST, Houston, Texas 77006",29.74225,-95.38972,AREA OF MINIMAL FLOOD HAZARD,X
201,"3401 STANFORD ST, Houston, Texas 77006",29.74224,-95.38882,AREA OF MINIMAL FLOOD HAZARD,X
202,"3402 MOUNT VERNON ST, Houston, Texas 77006",29.74217,-95.39405,AREA OF MINIMAL FLOOD HAZARD,X
203,"3403 ROSELAND ST, Houston, Texas 77006",29.74218,-95.38972,AREA OF MINIMAL FLOOD HAZARD,X
204,"3403 STANFORD ST, Houston, Texas 77006",29.74215,-95.38876,AREA OF MINIMAL FLOOD HAZARD,X
205,"3404 YOAKUM BLVD, Houston, Texas 77006",29.74217,-95.39285,AREA OF MINIMAL FLOOD HAZARD,X
206,"3404 YUPON ST, Houston, Texas 77006",29.742,-95.39602,AREA OF MINIMAL FLOOD HAZARD,X
207,"3405 ROSELAND ST, Houston, Texas 77006",29.74211,-95.38972,AREA OF MINIMAL FLOOD HAZARD,X
208,"3405 STANFORD ST, Houston, Texas 77006",29.74209,-95.38876,AREA OF MINIMAL FLOOD HAZARD,X
209,"3405 YUPON ST, Houston, Texas 77006",29.74183,-95.39548,AREA OF MINIMAL FLOOD HAZARD,X
210,"3405 YUPON ST A, Houston, Texas 77006",29.74183,-95.39548,AREA OF MINIMAL FLOOD HAZARD,X
211,"3406 MOUNT VERNON ST, Houston, Texas 77006",29.74201,-95.39408,AREA OF MINIMAL FLOOD HAZARD,X
212,"3406 YOAKUM BLVD, Houston, Texas 77006",29.7421,-95.39285,AREA OF MINIMAL FLOOD HAZARD,X
213,"3407 ROSELAND ST, Houston, Texas 77006",29.74204,-95.38972,AREA OF MINIMAL FLOOD HAZARD,X
214,"3407 STANFORD ST, Houston, Texas 77006",29.74203,-95.38876,AREA OF MINIMAL FLOOD HAZARD,X
215,"3407 YUPON ST, Houston, Texas 77006",29.74172,-95.39547,AREA OF MINIMAL FLOOD HAZARD,X
216,"3408 MOUNT VERNON ST, Houston, Texas 77006",29.74188,-95.39408,AREA OF MINIMAL FLOOD HAZARD,X
217,"3408 YOAKUM BLVD, Houston, Texas 77006",29.74201,-95.39287,AREA OF MINIMAL FLOOD HAZARD,X
218,"3409 MOUNT VERNON ST, Houston, Texas 77006",29.74189,-95.39354,AREA OF MINIMAL FLOOD HAZARD,X
219,"3409 ROSELAND ST, Houston, Texas 77006",29.74197,-95.38972,AREA OF MINIMAL FLOOD HAZARD,X
220,"3409 STANFORD ST, Houston, Texas 77006",29.74197,-95.38876,AREA OF MINIMAL FLOOD HAZARD,X
221,"3410 BURLINGTON ST, Houston, Texas 77006",29.74184,-95.38232,AREA OF MINIMAL FLOOD HAZARD,X
222,"3410 GARROTT ST, Houston, Texas 77006",29.74196,-95.38576,AREA OF MINIMAL FLOOD HAZARD,X
223,"3410 MOUNT VERNON ST, Houston, Texas 77006",29.74173,-95.39397,AREA OF MINIMAL FLOOD HAZARD,X
224,"3410 YOAKUM BLVD, Houston, Texas 77006",29.74192,-95.39288,AREA OF MINIMAL FLOOD HAZARD,X
225,"3410 YUPON ST, Houston, Texas 77006",29.74187,-95.39601,AREA OF MINIMAL FLOOD HAZARD,X
226,"3411 GRAUSTARK ST, Houston, Texas 77006",29.74173,-95.39448,AREA OF MINIMAL FLOOD HAZARD,X
227,"3411 MOUNT VERNON ST, Houston, Texas 77006",29.74175,-95.39353,AREA OF MINIMAL FLOOD HAZARD,X
228,"3411 ROSELAND ST, Houston, Texas 77006",29.7419,-95.38972,AREA OF MINIMAL FLOOD HAZARD,X
229,"3411 STANFORD ST, Houston, Texas 77006",29.74191,-95.38876,AREA OF MINIMAL FLOOD HAZARD,X
230,"3412 AUDUBON PL, Houston, Texas 77006",29.74177,-95.38675,AREA OF MINIMAL FLOOD HAZARD,X
231,"3412 GARROTT ST, Houston, Texas 77006",29.74181,-95.38576,AREA OF MINIMAL FLOOD HAZARD,X
232,"3412 YOAKUM BLVD, Houston, Texas 77006",29.74185,-95.39288,AREA OF MINIMAL FLOOD HAZARD,X
233,"3412 YUPON ST, Houston, Texas 77006",29.7417,-95.39606,AREA OF MINIMAL FLOOD HAZARD,X
234,"3414 MOUNT VERNON ST, Houston, Texas 77006",29.74173,-95.39411,AREA OF MINIMAL FLOOD HAZARD,X
235,"3414 YOAKUM BLVD, Houston, Texas 77006",29.74178,-95.39288,AREA OF MINIMAL FLOOD HAZARD,X
236,"3414 YUPON ST, Houston, Texas 77006",29.74156,-95.39601,AREA OF MINIMAL FLOOD HAZARD,X
237,"3415 GRAUSTARK ST, Houston, Texas 77006",29.7416,-95.39448,AREA OF MINIMAL FLOOD HAZARD,X
238,"3415 STANFORD ST, Houston, Texas 77006",29.74181,-95.38875,AREA OF MINIMAL FLOOD HAZARD,X
239,"3416 GARROTT ST, Houston, Texas 77006",29.74154,-95.38576,AREA OF MINIMAL FLOOD HAZARD,X
240,"3417 STANFORD ST, Houston, Texas 77006",29.74174,-95.38875,AREA OF MINIMAL FLOOD HAZARD,X
241,"3417 YUPON ST, Houston, Texas 77006",29.74158,-95.39547,AREA OF MINIMAL FLOOD HAZARD,X
242,"3418 MOUNT VERNON ST, Houston, Texas 77006",29.74173,-95.39423,AREA OF MINIMAL FLOOD HAZARD,X
243,"3418 YOAKUM BLVD, Houston, Texas 77006",29.74185,-95.39305,AREA OF MINIMAL FLOOD HAZARD,X
244,"3419 ROSELAND ST, Houston, Texas 77006",29.74179,-95.38969,AREA OF MINIMAL FLOOD HAZARD,X
245,"3419 STANFORD ST, Houston, Texas 77006",29.74166,-95.38875,AREA OF MINIMAL FLOOD HAZARD,X
246,"3420 YOAKUM BLVD, Houston, Texas 77006",29.74176,-95.39314,AREA OF MINIMAL FLOOD HAZARD,X
247,"3420 YUPON ST, Houston, Texas 77006",29.74142,-95.3959,AREA OF MINIMAL FLOOD HAZARD,X
248,"3421 MOUNT VERNON ST, Houston, Texas 77006",29.74154,-95.39354,AREA OF MINIMAL FLOOD HAZARD,X
249,"3421 STANFORD ST, Houston, Texas 77006",29.74158,-95.38875,AREA OF MINIMAL FLOOD HAZARD,X
250,"3422 YOAKUM BLVD, Houston, Texas 77006",29.74178,-95.39323,AREA OF MINIMAL FLOOD HAZARD,X
251,"3423 ROSELAND ST, Houston, Texas 77006",29.74172,-95.38967,AREA OF MINIMAL FLOOD HAZARD,X
252,"3423 STANFORD ST, Houston, Texas 77006",29.74153,-95.38872,AREA OF MINIMAL FLOOD HAZARD,X
253,"3424 YOAKUM BLVD, Houston, Texas 77006",29.74174,-95.39328,AREA OF MINIMAL FLOOD HAZARD,X
254,"3427 ROSELAND ST, Houston, Texas 77006",29.74166,-95.38967,AREA OF MINIMAL FLOOD HAZARD,X
255,"344 BOMAR ST, Houston, Texas 77006",29.75173,-95.38649,AREA OF MINIMAL FLOOD HAZARD,X
256,"3501 STANFORD ST, Houston, Texas 77006",29.7412,-95.38874,AREA OF MINIMAL FLOOD HAZARD,X
257,"3502 YUPON ST, Houston, Texas 77006",29.74114,-95.39593,AREA OF MINIMAL FLOOD HAZARD,X
258,"3503 STANFORD ST, Houston, Texas 77006",29.74113,-95.38875,AREA OF MINIMAL FLOOD HAZARD,X
259,"3503 YUPON ST, Houston, Texas 77006",29.74114,-95.39558,AREA OF MINIMAL FLOOD HAZARD,X
260,"3504 MOUNT VERNON ST, Houston, Texas 77006",29.741,-95.39407,AREA OF MINIMAL FLOOD HAZARD,X
261,"3504 STANFORD ST, Houston, Texas 77006",29.74119,-95.3891,AREA OF MINIMAL FLOOD HAZARD,X
262,"3505 GRAUSTARK ST, Houston, Texas 77006",29.74099,-95.39448,AREA OF MINIMAL FLOOD HAZARD,X
263,"3505 STANFORD ST, Houston, Texas 77006",29.74125,-95.38875,AREA OF MINIMAL FLOOD HAZARD,X
264,"3506 STANFORD ST, Houston, Texas 77006",29.7411,-95.38909,AREA OF MINIMAL FLOOD HAZARD,X
265,"3506 YUPON ST, Houston, Texas 77006",29.74103,-95.39592,AREA OF MINIMAL FLOOD HAZARD,X
266,"3507 AUDUBON PL A, Houston, Texas 77006",29.74101,-95.3863,AREA OF MINIMAL FLOOD HAZARD,X
267,"3507 AUDUBON PL B, Houston, Texas 77006",29.74101,-95.3863,AREA OF MINIMAL FLOOD HAZARD,X
268,"3507 AUDUBON PL C, Houston, Texas 77006",29.74101,-95.3863,AREA OF MINIMAL FLOOD HAZARD,X
269,"3507 AUDUBON PL D, Houston, Texas 77006",29.74101,-95.3863,AREA OF MINIMAL FLOOD HAZARD,X
270,"3507 STANFORD ST, Houston, Texas 77006",29.74125,-95.38879,AREA OF MINIMAL FLOOD HAZARD,X
271,"3507 YUPON ST, Houston, Texas 77006",29.74106,-95.39558,AREA OF MINIMAL FLOOD HAZARD,X
272,"3508 MANDELL ST, Houston, Texas 77006",29.74084,-95.39954,AREA OF MINIMAL FLOOD HAZARD,X
273,"3508 STANFORD ST, Houston, Texas 77006",29.7411,-95.38909,AREA OF MINIMAL FLOOD HAZARD,X
274,"3509 GRAUSTARK ST, Houston, Texas 77006",29.74085,-95.39447,AREA OF MINIMAL FLOOD HAZARD,X
275,"3509 STANFORD ST, Houston, Texas 77006",29.74125,-95.38882,AREA OF MINIMAL FLOOD HAZARD,X
276,"3510 MOUNT VERNON ST, Houston, Texas 77006",29.74086,-95.39407,AREA OF MINIMAL FLOOD HAZARD,X
277,"3510 STANFORD ST, Houston, Texas 77006",29.74088,-95.38903,AREA OF MINIMAL FLOOD HAZARD,X
278,"3510 YUPON ST, Houston, Texas 77006",29.74092,-95.39592,AREA OF MINIMAL FLOOD HAZARD,X
279,"3511 YUPON ST, Houston, Texas 77006",29.74098,-95.39558,AREA OF MINIMAL FLOOD HAZARD,X
280,"3512 STANFORD ST, Houston, Texas 77006",29.74077,-95.38903,AREA OF MINIMAL FLOOD HAZARD,X
281,"3515 GRAUSTARK ST, Houston, Texas 77006",29.74072,-95.39447,AREA OF MINIMAL FLOOD HAZARD,X
282,"3515 STANFORD ST, Houston, Texas 77006",29.74088,-95.38874,AREA OF MINIMAL FLOOD HAZARD,X
283,"3515 YUPON ST, Houston, Texas 77006",29.74089,-95.39558,AREA OF MINIMAL FLOOD HAZARD,X
284,"3516 GARROTT ST, Houston, Texas 77006",29.74126,-95.38576,AREA OF MINIMAL FLOOD HAZARD,X
285,"3517 GRAUSTARK ST, Houston, Texas 77006",29.74061,-95.3946,AREA OF MINIMAL FLOOD HAZARD,X
286,"3517 STANFORD ST, Houston, Texas 77006",29.74081,-95.38874,AREA OF MINIMAL FLOOD HAZARD,X
287,"3518 GARROTT ST, Houston, Texas 77006",29.74113,-95.38576,AREA OF MINIMAL FLOOD HAZARD,X
288,"3518 MOUNT VERNON ST, Houston, Texas 77006",29.74062,-95.39395,AREA OF MINIMAL FLOOD HAZARD,X
289,"3519 GRAUSTARK ST, Houston, Texas 77006",29.74054,-95.39459,AREA OF MINIMAL FLOOD HAZARD,X
290,"3519 STANFORD ST, Houston, Texas 77006",29.74075,-95.38874,AREA OF MINIMAL FLOOD HAZARD,X
291,"3519 YUPON ST, Houston, Texas 77006",29.74079,-95.39558,AREA OF MINIMAL FLOOD HAZARD,X
292,"3520 MOUNT VERNON ST, Houston, Texas 77006",29.74056,-95.39396,AREA OF MINIMAL FLOOD HAZARD,X
293,"3520 YUPON ST, Houston, Texas 77006",29.74078,-95.39592,AREA OF MINIMAL FLOOD HAZARD,X
294,"3521 MONTROSE BLVD, Houston, Texas 77006",29.74067,-95.39102,AREA OF MINIMAL FLOOD HAZARD,X
295,"3521 STANFORD ST, Houston, Texas 77006",29.74068,-95.38874,AREA OF MINIMAL FLOOD HAZARD,X
296,"3523 STANFORD ST, Houston, Texas 77006",29.74061,-95.38874,AREA OF MINIMAL FLOOD HAZARD,X
297,"3523 YUPON ST, Houston, Texas 77006",29.74071,-95.39558,AREA OF MINIMAL FLOOD HAZARD,X
298,"3524 GARROTT ST, Houston, Texas 77006",29.74078,-95.38576,AREA OF MINIMAL FLOOD HAZARD,X
299,"3526 GARROTT ST, Houston, Texas 77006",29.74069,-95.38576,AREA OF MINIMAL FLOOD HAZARD,X
300,"3527 YUPON ST, Houston, Texas 77006",29.74064,-95.39557,AREA OF MINIMAL FLOOD HAZARD,X
301,"3530 YUPON ST, Houston, Texas 77006",29.74072,-95.39592,AREA OF MINIMAL FLOOD HAZARD,X
302,"3531 YUPON ST, Houston, Texas 77006",29.74055,-95.39557,AREA OF MINIMAL FLOOD HAZARD,X
303,"3540 YUPON ST, Houston, Texas 77006",29.74068,-95.39592,AREA OF MINIMAL FLOOD HAZARD,X
304,"3550 YUPON ST, Houston, Texas 77006",29.74063,-95.39592,AREA OF MINIMAL FLOOD HAZARD,X
305,"3560 YUPON ST, Houston, Texas 77006",29.74059,-95.39592,AREA OF MINIMAL FLOOD HAZARD,X
306,"3604 GARROTT ST, Houston, Texas 77006",29.7403,-95.38575,AREA OF MINIMAL FLOOD HAZARD,X
307,"3606 MULBERRY ST, Houston, Texas 77006",29.74001,-95.39768,AREA OF MINIMAL FLOOD HAZARD,X
308,"3608 MOUNT VERNON ST, Houston, Texas 77006",29.74012,-95.39407,AREA OF MINIMAL FLOOD HAZARD,X
309,"3608 MULBERRY ST, Houston, Texas 77006",29.73994,-95.39768,AREA OF MINIMAL FLOOD HAZARD,X
310,"3610 GRAUSTARK ST, Houston, Texas 77006",29.73995,-95.39496,AREA OF MINIMAL FLOOD HAZARD,X
311,"3610 MULBERRY ST, Houston, Texas 77006",29.73987,-95.39768,AREA OF MINIMAL FLOOD HAZARD,X
312,"3612 MULBERRY ST, Houston, Texas 77006",29.73981,-95.39768,AREA OF MINIMAL FLOOD HAZARD,X
313,"3614 MULBERRY ST, Houston, Texas 77006",29.73975,-95.39768,AREA OF MINIMAL FLOOD HAZARD,X
314,"3615 GRAUSTARK ST, Houston, Texas 77006",29.73987,-95.39447,AREA OF MINIMAL FLOOD HAZARD,X
315,"3616 GARROTT ST 1, Houston, Texas 77006",29.74013,-95.38576,AREA OF MINIMAL FLOOD HAZARD,X
316,"3616 GARROTT ST 2, Houston, Texas 77006",29.74013,-95.38576,AREA OF MINIMAL FLOOD HAZARD,X
317,"3616 GARROTT ST 3, Houston, Texas 77006",29.74013,-95.38576,AREA OF MINIMAL FLOOD HAZARD,X
318,"3616 GARROTT ST 4, Houston, Texas 77006",29.74013,-95.38576,AREA OF MINIMAL FLOOD HAZARD,X
319,"3616 GARROTT ST 5, Houston, Texas 77006",29.74013,-95.38576,AREA OF MINIMAL FLOOD HAZARD,X
320,"3616 GARROTT ST 6, Houston, Texas 77006",29.74013,-95.38576,AREA OF MINIMAL FLOOD HAZARD,X
321,"3616 MULBERRY ST, Houston, Texas 77006",29.73967,-95.39768,AREA OF MINIMAL FLOOD HAZARD,X
322,"3618 BURLINGTON ST, Houston, Texas 77006",29.74002,-95.38227,AREA OF MINIMAL FLOOD HAZARD,X
323,"3618 YUPON ST, Houston, Texas 77006",29.73993,-95.39591,AREA OF MINIMAL FLOOD HAZARD,X
324,"3619 MULBERRY ST, Houston, Texas 77006",29.7399,-95.39734,AREA OF MINIMAL FLOOD HAZARD,X
325,"3619 YUPON ST, Houston, Texas 77006",29.73988,-95.39554,AREA OF MINIMAL FLOOD HAZARD,X
326,"3620 YUPON ST, Houston, Texas 77006",29.73985,-95.39591,AREA OF MINIMAL FLOOD HAZARD,X
327,"3621 YUPON ST, Houston, Texas 77006",29.73996,-95.39555,AREA OF MINIMAL FLOOD HAZARD,X
328,"3622 YUPON ST, Houston, Texas 77006",29.73978,-95.39591,AREA OF MINIMAL FLOOD HAZARD,X
329,"3623 MULBERRY ST, Houston, Texas 77006",29.7398,-95.39734,AREA OF MINIMAL FLOOD HAZARD,X
330,"3700 GARROTT ST, Houston, Texas 77006",29.73971,-95.38575,AREA OF MINIMAL FLOOD HAZARD,X
331,"3702 MULBERRY ST, Houston, Texas 77006",29.73924,-95.39766,AREA OF MINIMAL FLOOD HAZARD,X
332,"3703 GRAUSTARK ST, Houston, Texas 77006",29.73943,-95.3945,AREA OF MINIMAL FLOOD HAZARD,X
333,"3704 GARROTT ST, Houston, Texas 77006",29.73951,-95.38574,AREA OF MINIMAL FLOOD HAZARD,X
334,"3704 GRAUSTARK ST, Houston, Texas 77006",29.73926,-95.3949,AREA OF MINIMAL FLOOD HAZARD,X
335,"3706 GARROTT ST, Houston, Texas 77006",29.73934,-95.38574,AREA OF MINIMAL FLOOD HAZARD,X
336,"3708 MOUNT VERNON ST, Houston, Texas 77006",29.73929,-95.39402,AREA OF MINIMAL FLOOD HAZARD,X
337,"3709 GRAUSTARK ST, Houston, Texas 77006",29.73915,-95.39446,AREA OF MINIMAL FLOOD HAZARD,X
338,"3710 STANFORD ST, Houston, Texas 77006",29.73928,-95.38907,AREA OF MINIMAL FLOOD HAZARD,X
339,"3715 GRAUSTARK ST, Houston, Texas 77006",29.73903,-95.39457,AREA OF MINIMAL FLOOD HAZARD,X
340,"3716 MOUNT VERNON ST, Houston, Texas 77006",29.73902,-95.39405,AREA OF MINIMAL FLOOD HAZARD,X
341,"3717 STANFORD ST A, Houston, Texas 77006",29.73951,-95.38874,AREA OF MINIMAL FLOOD HAZARD,X
342,"3717 STANFORD ST B, Houston, Texas 77006",29.73951,-95.38874,AREA OF MINIMAL FLOOD HAZARD,X
343,"3717 STANFORD ST C, Houston, Texas 77006",29.73951,-95.38874,AREA OF MINIMAL FLOOD HAZARD,X
344,"3719 GRAUSTARK ST, Houston, Texas 77006",29.7389,-95.39458,AREA OF MINIMAL FLOOD HAZARD,X
345,"3801 JACK ST, Houston, Texas 77006",29.73866,-95.38682,AREA OF MINIMAL FLOOD HAZARD,X
346,"3803 JACK ST, Houston, Texas 77006",29.73866,-95.38669,AREA OF MINIMAL FLOOD HAZARD,X
347,"3805 JACK ST, Houston, Texas 77006",29.73866,-95.38657,AREA OF MINIMAL FLOOD HAZARD,X
348,"3807 JACK ST, Houston, Texas 77006",29.73866,-95.38642,AREA OF MINIMAL FLOOD HAZARD,X
349,"3809 JACK ST, Houston, Texas 77006",29.73852,-95.38641,AREA OF MINIMAL FLOOD HAZARD,X
350,"3811 JACK ST, Houston, Texas 77006",29.73837,-95.38641,AREA OF MINIMAL FLOOD HAZARD,X
351,"3815 JACK ST, Houston, Texas 77006",29.73844,-95.38656,AREA OF MINIMAL FLOOD HAZARD,X
352,"3817 JACK ST, Houston, Texas 77006",29.73844,-95.38666,AREA OF MINIMAL FLOOD HAZARD,X
353,"3818 BUTE ST, Houston, Texas 77006",29.73837,-95.38462,AREA OF MINIMAL FLOOD HAZARD,X
354,"3819 JACK ST, Houston, Texas 77006",29.73844,-95.38673,AREA OF MINIMAL FLOOD HAZARD,X
355,"3819 ROSELAND ST, Houston, Texas 77006",29.7382,-95.38967,AREA OF MINIMAL FLOOD HAZARD,X
356,"3820 BUTE ST, Houston, Texas 77006",29.73829,-95.38462,AREA OF MINIMAL FLOOD HAZARD,X
357,"3821 JACK ST, Houston, Texas 77006",29.73844,-95.38682,AREA OF MINIMAL FLOOD HAZARD,X
358,"3821 ROSELAND ST, Houston, Texas 77006",29.73813,-95.38967,AREA OF MINIMAL FLOOD HAZARD,X
359,"3822 BUTE ST, Houston, Texas 77006",29.7382,-95.38462,AREA OF MINIMAL FLOOD HAZARD,X
360,"3823 ROSELAND ST, Houston, Texas 77006",29.73806,-95.38966,AREA OF MINIMAL FLOOD HAZARD,X
361,"3902 ROSELAND ST, Houston, Texas 77006",29.73775,-95.39013,AREA OF MINIMAL FLOOD HAZARD,X
362,"3906 ROSELAND ST, Houston, Texas 77006",29.73769,-95.39013,AREA OF MINIMAL FLOOD HAZARD,X
363,"3910 GARROTT ST, Houston, Texas 77006",29.73745,-95.38563,AREA OF MINIMAL FLOOD HAZARD,X
364,"3910 MANDELL ST, Houston, Texas 77006",29.73731,-95.3995,AREA OF MINIMAL FLOOD HAZARD,X
365,"3910 ROSELAND ST, Houston, Texas 77006",29.73763,-95.39013,AREA OF MINIMAL FLOOD HAZARD,X
366,"3912 GARROTT ST, Houston, Texas 77006",29.73739,-95.38563,AREA OF MINIMAL FLOOD HAZARD,X
367,"3912 MANDELL ST, Houston, Texas 77006",29.73725,-95.3995,AREA OF MINIMAL FLOOD HAZARD,X
368,"3914 GARROTT ST, Houston, Texas 77006",29.73732,-95.38563,AREA OF MINIMAL FLOOD HAZARD,X
369,"3914 MANDELL ST, Houston, Texas 77006",29.73719,-95.3995,AREA OF MINIMAL FLOOD HAZARD,X
370,"3914 ROSELAND ST, Houston, Texas 77006",29.73758,-95.39013,AREA OF MINIMAL FLOOD HAZARD,X
371,"3916 GARROTT ST, Houston, Texas 77006",29.73725,-95.38563,AREA OF MINIMAL FLOOD HAZARD,X
372,"3916 MANDELL ST, Houston, Texas 77006",29.73714,-95.3995,AREA OF MINIMAL FLOOD HAZARD,X
373,"3918 MANDELL ST, Houston, Texas 77006",29.73708,-95.3995,AREA OF MINIMAL FLOOD HAZARD,X
374,"3918 ROSELAND ST, Houston, Texas 77006",29.73752,-95.39013,AREA OF MINIMAL FLOOD HAZARD,X
375,"3920 BUTE ST, Houston, Texas 77006",29.73737,-95.3846,AREA OF MINIMAL FLOOD HAZARD,X
376,"3920 MANDELL ST, Houston, Texas 77006",29.73703,-95.3995,AREA OF MINIMAL FLOOD HAZARD,X
377,"3922 ROSELAND ST, Houston, Texas 77006",29.73747,-95.39013,AREA OF MINIMAL FLOOD HAZARD,X
378,"3926 ROSELAND ST, Houston, Texas 77006",29.73741,-95.39013,AREA OF MINIMAL FLOOD HAZARD,X
379,"3929 ROSELAND ST, Houston, Texas 77006",29.73741,-95.38969,AREA OF MINIMAL FLOOD HAZARD,X
380,"3930 ROSELAND ST, Houston, Texas 77006",29.73736,-95.39013,AREA OF MINIMAL FLOOD HAZARD,X
381,"3930 STANFORD ST, Houston, Texas 77006",29.73741,-95.38905,AREA OF MINIMAL FLOOD HAZARD,X
382,"3934 ROSELAND ST, Houston, Texas 77006",29.7373,-95.39013,AREA OF MINIMAL FLOOD HAZARD,X
383,"3934 STANFORD ST, Houston, Texas 77006",29.73731,-95.38905,AREA OF MINIMAL FLOOD HAZARD,X
384,"3937 ROSELAND ST, Houston, Texas 77006",29.73732,-95.38968,AREA OF MINIMAL FLOOD HAZARD,X
385,"3938 ROSELAND ST, Houston, Texas 77006",29.73725,-95.39013,AREA OF MINIMAL FLOOD HAZARD,X
386,"3941 ROSELAND ST, Houston, Texas 77006",29.73724,-95.38968,AREA OF MINIMAL FLOOD HAZARD,X
387,"3942 ROSELAND ST, Houston, Texas 77006",29.73719,-95.39013,AREA OF MINIMAL FLOOD HAZARD,X
388,"3945 ROSELAND ST, Houston, Texas 77006",29.73715,-95.38968,AREA OF MINIMAL FLOOD HAZARD,X
389,"3946 ROSELAND ST, Houston, Texas 77006",29.73713,-95.39013,AREA OF MINIMAL FLOOD HAZARD,X
390,"4 COURTLANDT PL, Houston, Texas 77006",29.74391,-95.38234,AREA OF MINIMAL FLOOD HAZARD,X
391,"400 EMERSON ST, Houston, Texas 77006",29.74132,-95.38365,AREA OF MINIMAL FLOOD HAZARD,X
392,"400 LOVETT BLVD, Houston, Texas 77006",29.74372,-95.38609,AREA OF MINIMAL FLOOD HAZARD,X
393,"400 W ALABAMA ST, Houston, Texas 77006",29.73909,-95.38482,AREA OF MINIMAL FLOOD HAZARD,X
394,"4002 ROSELAND ST, Houston, Texas 77006",29.7369,-95.39009,AREA OF MINIMAL FLOOD HAZARD,X
395,"4003 GARROTT ST, Houston, Texas 77006",29.73685,-95.38521,AREA OF MINIMAL FLOOD HAZARD,X
396,"4006 ROSELAND ST, Houston, Texas 77006",29.73683,-95.39009,AREA OF MINIMAL FLOOD HAZARD,X
397,"401 EMERSON ST, Houston, Texas 77006",29.7418,-95.38368,AREA OF MINIMAL FLOOD HAZARD,X
398,"401 HYDE PARK BLVD, Houston, Texas 77006",29.74735,-95.38667,AREA OF MINIMAL FLOOD HAZARD,X
399,"401 MARSHALL ST, Houston, Texas 77006",29.73998,-95.38367,AREA OF MINIMAL FLOOD HAZARD,X
400,"401 PEDEN ST, Houston, Texas 77006",29.75239,-95.3867,AREA OF MINIMAL FLOOD HAZARD,X
401,"401 WELCH ST, Houston, Texas 77006",29.74994,-95.38668,AREA OF MINIMAL FLOOD HAZARD,X
402,"401 WELCH ST ST D, Houston, Texas 77006",29.74994,-95.38668,AREA OF MINIMAL FLOOD HAZARD,X
403,"401 WESTMORELAND ST, Houston, Texas 77006",29.74097,-95.38366,AREA OF MINIMAL FLOOD HAZARD,X
404,"401 WILLARD ST, Houston, Texas 77006",29.75069,-95.38669,AREA OF MINIMAL FLOOD HAZARD,X
405,"4010 ROSELAND ST, Houston, Texas 77006",29.73676,-95.39009,AREA OF MINIMAL FLOOD HAZARD,X
406,"4010 YUPON ST, Houston, Texas 77006",29.73643,-95.39584,AREA OF MINIMAL FLOOD HAZARD,X
407,"4011 GARROTT ST, Houston, Texas 77006",29.73677,-95.38521,AREA OF MINIMAL FLOOD HAZARD,X
408,"4012 ROSELAND ST, Houston, Texas 77006",29.73669,-95.39009,AREA OF MINIMAL FLOOD HAZARD,X
409,"4014 ROSELAND ST, Houston, Texas 77006",29.73665,-95.39012,AREA OF MINIMAL FLOOD HAZARD,X
410,"4015 GARROTT ST, Houston, Texas 77006",29.73669,-95.38521,AREA OF MINIMAL FLOOD HAZARD,X
411,"4015 MONTROSE BLVD, Houston, Texas 77006",29.73662,-95.3909,AREA OF MINIMAL FLOOD HAZARD,X
412,"4016 ROSELAND ST, Houston, Texas 77006",29.73655,-95.39008,AREA OF MINIMAL FLOOD HAZARD,X
413,"4017 MONTROSE BLVD, Houston, Texas 77006",29.73654,-95.3909,AREA OF MINIMAL FLOOD HAZARD,X
414,"4018 GRAUSTARK ST, Houston, Texas 77006",29.73614,-95.39497,AREA OF MINIMAL FLOOD HAZARD,X
415,"4018 ROSELAND ST, Houston, Texas 77006",29.73652,-95.39012,AREA OF MINIMAL FLOOD HAZARD,X
416,"4019 MONTROSE BLVD, Houston, Texas 77006",29.73647,-95.3909,AREA OF MINIMAL FLOOD HAZARD,X
417,"402 BOMAR ST, Houston, Texas 77006",29.75178,-95.38677,AREA OF MINIMAL FLOOD HAZARD,X
418,"402 BRANARD ST, Houston, Texas 77006",29.73726,-95.38459,AREA OF MINIMAL FLOOD HAZARD,X
419,"402 LOVETT BLVD, Houston, Texas 77006",29.74372,-95.38617,AREA OF MINIMAL FLOOD HAZARD,X
420,"402 MARSHALL ST, Houston, Texas 77006",29.73957,-95.38369,AREA OF MINIMAL FLOOD HAZARD,X
421,"402 MCGOWEN ST, Houston, Texas 77006",29.74821,-95.37923,AREA OF MINIMAL FLOOD HAZARD,X
422,"402 PACIFIC AVE, Houston, Texas 77006",29.74694,-95.38664,AREA OF MINIMAL FLOOD HAZARD,X
423,"402 ROSALIE ST, Houston, Texas 77006",29.74503,-95.38144,AREA OF MINIMAL FLOOD HAZARD,X
424,"402 SUL ROSS ST, Houston, Texas 77006",29.73811,-95.38462,AREA OF MINIMAL FLOOD HAZARD,X
425,"402 W ALABAMA ST, Houston, Texas 77006",29.73918,-95.38482,AREA OF MINIMAL FLOOD HAZARD,X
426,"402 W DREW ST, Houston, Texas 77006",29.74965,-95.38671,AREA OF MINIMAL FLOOD HAZARD,X
427,"402 WELCH ST, Houston, Texas 77006",29.75042,-95.38669,AREA OF MINIMAL FLOOD HAZARD,X
428,"402 WILLARD ST, Houston, Texas 77006",29.75098,-95.38664,AREA OF MINIMAL FLOOD HAZARD,X
429,"4020 ROSELAND ST, Houston, Texas 77006",29.73647,-95.39012,AREA OF MINIMAL FLOOD HAZARD,X
430,"4021 MONTROSE BLVD, Houston, Texas 77006",29.7364,-95.3909,AREA OF MINIMAL FLOOD HAZARD,X
431,"4022 ROSELAND ST, Houston, Texas 77006",29.73641,-95.39012,AREA OF MINIMAL FLOOD HAZARD,X
432,"4023 MONTROSE BLVD, Houston, Texas 77006",29.73633,-95.3909,AREA OF MINIMAL FLOOD HAZARD,X
433,"4024 ROSELAND ST, Houston, Texas 77006",29.73636,-95.39012,AREA OF MINIMAL FLOOD HAZARD,X
434,"4025 MONTROSE BLVD, Houston, Texas 77006",29.73626,-95.3909,AREA OF MINIMAL FLOOD HAZARD,X
435,"4026 ROSELAND ST, Houston, Texas 77006",29.7363,-95.39012,AREA OF MINIMAL FLOOD HAZARD,X
436,"404 EMERSON ST, Houston, Texas 77006",29.74132,-95.38352,AREA OF MINIMAL FLOOD HAZARD,X
437,"404 LOVETT BLVD, Houston, Texas 77006",29.74372,-95.38624,AREA OF MINIMAL FLOOD HAZARD,X
438,"404 MCGOWEN ST, Houston, Texas 77006",29.74815,-95.37918,AREA OF MINIMAL FLOOD HAZARD,X
439,"404 PACIFIC AVE, Houston, Texas 77006",29.74694,-95.38676,AREA OF MINIMAL FLOOD HAZARD,X
440,"404 W ALABAMA ST, Houston, Texas 77006",29.73927,-95.38481,AREA OF MINIMAL FLOOD HAZARD,X
441,"405 BOMAR ST, Houston, Texas 77006",29.75136,-95.38685,AREA OF MINIMAL FLOOD HAZARD,X
442,"405 PEDEN ST, Houston, Texas 77006",29.75238,-95.38685,AREA OF MINIMAL FLOOD HAZARD,X
443,"405 WELCH ST, Houston, Texas 77006",29.75,-95.387,AREA OF MINIMAL FLOOD HAZARD,X
444,"405 WILLARD ST, Houston, Texas 77006",29.75069,-95.38685,AREA OF MINIMAL FLOOD HAZARD,X
445,"406 1/2 STRATFORD ST, Houston, Texas 77006",29.74618,-95.38647,AREA OF MINIMAL FLOOD HAZARD,X
446,"406 BOMAR ST, Houston, Texas 77006",29.75177,-95.38693,AREA OF MINIMAL FLOOD HAZARD,X
447,"406 BRANARD ST, Houston, Texas 77006",29.73727,-95.3847,AREA OF MINIMAL FLOOD HAZARD,X
448,"406 DREW ST, Houston, Texas 77006",29.7470016,-95.3801238,AREA OF MINIMAL FLOOD HAZARD,X
449,"406 EMERSON ST, Houston, Texas 77006",29.74132,-95.38345,AREA OF MINIMAL FLOOD HAZARD,X
450,"406 LOVETT BLVD, Houston, Texas 77006",29.74371,-95.38634,AREA OF MINIMAL FLOOD HAZARD,X
451,"406 MARSHALL ST, Houston, Texas 77006",29.73956,-95.38347,AREA OF MINIMAL FLOOD HAZARD,X
452,"406 MCGOWEN ST, Houston, Texas 77006",29.74812,-95.37912,AREA OF MINIMAL FLOOD HAZARD,X
453,"406 PACIFIC AVE, Houston, Texas 77006",29.74694,-95.38685,AREA OF MINIMAL FLOOD HAZARD,X
454,"406 STRATFORD ST, Houston, Texas 77006",29.74618,-95.38647,AREA OF MINIMAL FLOOD HAZARD,X
455,"406 WELCH ST, Houston, Texas 77006",29.75042,-95.38685,AREA OF MINIMAL FLOOD HAZARD,X
456,"406 WILLARD ST, Houston, Texas 77006",29.75109,-95.38685,AREA OF MINIMAL FLOOD HAZARD,X
457,"407 MARSHALL ST, Houston, Texas 77006",29.73999,-95.38341,AREA OF MINIMAL FLOOD HAZARD,X
458,"408 FARGO ST A, Houston, Texas 77006",29.74906,-95.38698,AREA OF MINIMAL FLOOD HAZARD,X
459,"408 FARGO ST B, Houston, Texas 77006",29.74906,-95.38698,AREA OF MINIMAL FLOOD HAZARD,X
460,"408 FARGO ST C, Houston, Texas 77006",29.74906,-95.38698,AREA OF MINIMAL FLOOD HAZARD,X
461,"408 HAWTHORNE ST, Houston, Texas 77006",29.74265,-95.38419,AREA OF MINIMAL FLOOD HAZARD,X
462,"408 HYDE PARK BLVD, Houston, Texas 77006",29.7477,-95.38681,AREA OF MINIMAL FLOOD HAZARD,X
463,"408 LOVETT BLVD, Houston, Texas 77006",29.74371,-95.3864,AREA OF MINIMAL FLOOD HAZARD,X
464,"408 MARSHALL ST, Houston, Texas 77006",29.73956,-95.38329,AREA OF MINIMAL FLOOD HAZARD,X
465,"408 MCGOWEN ST, Houston, Texas 77006",29.74812,-95.37905,AREA OF MINIMAL FLOOD HAZARD,X
466,"408 WELCH ST, Houston, Texas 77006",29.75041,-95.387,AREA OF MINIMAL FLOOD HAZARD,X
467,"409 BOMAR ST, Houston, Texas 77006",29.75137,-95.38703,AREA OF MINIMAL FLOOD HAZARD,X
468,"409 FARGO ST, Houston, Texas 77006",29.74871,-95.38713,AREA OF MINIMAL FLOOD HAZARD,X
469,"409 HYDE PARK BLVD, Houston, Texas 77006",29.74736,-95.38683,AREA OF MINIMAL FLOOD HAZARD,X
470,"409 ROSALIE ST, Houston, Texas 77006",29.74524,-95.3811,AREA OF MINIMAL FLOOD HAZARD,X
471,"410 BRANARD ST, Houston, Texas 77006",29.7373,-95.38479,AREA OF MINIMAL FLOOD HAZARD,X
472,"410 DREW ST, Houston, Texas 77006",29.74681,-95.37999,AREA OF MINIMAL FLOOD HAZARD,X
473,"410 EMERSON ST, Houston, Texas 77006",29.74132,-95.3833,AREA OF MINIMAL FLOOD HAZARD,X
474,"410 FARGO ST, Houston, Texas 77006",29.74905,-95.38714,AREA OF MINIMAL FLOOD HAZARD,X
475,"410 LOVETT BLVD, Houston, Texas 77006",29.74371,-95.38647,AREA OF MINIMAL FLOOD HAZARD,X
476,"410 MCGOWEN ST, Houston, Texas 77006",29.74804,-95.379,AREA OF MINIMAL FLOOD HAZARD,X
477,"4101 MONTROSE BLVD, Houston, Texas 77006",29.73598,-95.3909,AREA OF MINIMAL FLOOD HAZARD,X
478,"4102 ROSELAND ST, Houston, Texas 77006",29.73584,-95.38998,AREA OF MINIMAL FLOOD HAZARD,X
479,"4102 YUPON ST, Houston, Texas 77006",29.73596,-95.3958,AREA OF MINIMAL FLOOD HAZARD,X
480,"4103 MONTROSE BLVD, Houston, Texas 77006",29.73583,-95.39089,AREA OF MINIMAL FLOOD HAZARD,X
481,"4104 ROSELAND ST, Houston, Texas 77006",29.73584,-95.39007,AREA OF MINIMAL FLOOD HAZARD,X
482,"4105 MONTROSE BLVD, Houston, Texas 77006",29.73569,-95.39086,AREA OF MINIMAL FLOOD HAZARD,X
483,"4106 ROSELAND ST, Houston, Texas 77006",29.73584,-95.39014,AREA OF MINIMAL FLOOD HAZARD,X
484,"4106 YUPON ST, Houston, Texas 77006",29.73582,-95.3958,AREA OF MINIMAL FLOOD HAZARD,X
485,"4107 YUPON ST, Houston, Texas 77006",29.73589,-95.39528,AREA OF MINIMAL FLOOD HAZARD,X
486,"4108 ROSELAND ST, Houston, Texas 77006",29.73584,-95.39024,AREA OF MINIMAL FLOOD HAZARD,X
487,"411 EMERSON ST, Houston, Texas 77006",29.74183,-95.38333,AREA OF MINIMAL FLOOD HAZARD,X
488,"411 LOVETT BLVD A, Houston, Texas 77006",29.7431,-95.38631,AREA OF MINIMAL FLOOD HAZARD,X
489,"411 LOVETT BLVD B, Houston, Texas 77006",29.7431,-95.38631,AREA OF MINIMAL FLOOD HAZARD,X
490,"411 LOVETT BLVD C, Houston, Texas 77006",29.7431,-95.38631,AREA OF MINIMAL FLOOD HAZARD,X
491,"411 LOVETT BLVD D, Houston, Texas 77006",29.7431,-95.38631,AREA OF MINIMAL FLOOD HAZARD,X
492,"411 LOVETT BLVD E, Houston, Texas 77006",29.7431,-95.38631,AREA OF MINIMAL FLOOD HAZARD,X
